pyramid_group,subitem,kcal_per_portion,kcal_level,portion_type,portion_low,portion_high,raw_value,note
"Vegetables, fruits & berries",(total),,1000,gte,4.0,,>=4,
"Vegetables, fruits & berries",(total),,1200,gte,5.0,,>=5,
"Vegetables, fruits & berries",(total),,1400,gte,5.0,,>=5,
"Vegetables, fruits & berries",(total),,1600,gte,6.0,,>=6,
"Vegetables, fruits & berries",(total),,1800,gte,6.0,,>=6,
"Vegetables, fruits & berries",(total),,2000,gte,7.0,,>=7,
"Vegetables, fruits & berries",(total),,2200,gte,8.0,,>=8,
"Vegetables, fruits & berries",(total),,2400,gte,8.0,,>=8,
"Vegetables, fruits & berries",(total),,2600,gte,10.0,,>=10,
"Vegetables, fruits & berries",(total),,2800,gte,11.0,,>=11,
"Vegetables, fruits & berries",(total),,3000,gte,11.0,,>=11,
"Vegetables, fruits & berries",(total),,3200,gte,12.0,,>=12,
"Vegetables, fruits & berries",(total),,3400,gte,13.0,,>=13,
"Vegetables, fruits & berries",(total),,3600,gte,14.0,,>=14,
"Vegetables, fruits & berries",Vegetables,30,1000,gte,2.0,,>=2,
"Vegetables, fruits & berries",Vegetables,30,1200,gte,2.0,,>=2,
"Vegetables, fruits & berries",Vegetables,30,1400,gte,3.0,,>=3,
"Vegetables, fruits & berries",Vegetables,30,1600,gte,3.0,,>=3,
"Vegetables, fruits & berries",Vegetables,30,1800,gte,4.0,,>=4,
"Vegetables, fruits & berries",Vegetables,30,2000,gte,4.0,,>=4,
"Vegetables, fruits & berries",Vegetables,30,2200,gte,5.0,,>=5,
"Vegetables, fruits & berries",Vegetables,30,2400,gte,5.0,,>=5,
"Vegetables, fruits & berries",Vegetables,30,2600,gte,6.0,,>=6,
"Vegetables, fruits & berries",Vegetables,30,2800,gte,6.0,,>=6,
"Vegetables, fruits & berries",Vegetables,30,3000,gte,7.0,,>=7,
"Vegetables, fruits & berries",Vegetables,30,3200,gte,7.0,,>=7,
"Vegetables, fruits & berries",Vegetables,30,3400,gte,8.0,,>=8,
"Vegetables, fruits & berries",Vegetables,30,3600,gte,8.0,,>=8,
"Vegetables, fruits & berries",Legumes,130,1000,exact,0.2,0.2,0.2,
"Vegetables, fruits & berries",Legumes,130,1200,exact,0.3,0.3,0.3,
"Vegetables, fruits & berries",Legumes,130,1400,exact,0.3,0.3,0.3,
"Vegetables, fruits & berries",Legumes,130,1600,exact,0.3,0.3,0.3,
"Vegetables, fruits & berries",Legumes,130,1800,exact,0.3,0.3,0.3,
"Vegetables, fruits & berries",Legumes,130,2000,exact,0.5,0.5,0.5,
"Vegetables, fruits & berries",Legumes,130,2200,exact,0.6,0.6,0.6,
"Vegetables, fruits & berries",Legumes,130,2400,exact,0.6,0.6,0.6,
"Vegetables, fruits & berries",Legumes,130,2600,exact,0.7,0.7,0.7,
"Vegetables, fruits & berries",Legumes,130,2800,exact,0.7,0.7,0.7,
"Vegetables, fruits & berries",Legumes,130,3000,exact,0.8,0.8,0.8,
"Vegetables, fruits & berries",Legumes,130,3200,exact,0.8,0.8,0.8,
"Vegetables, fruits & berries",Legumes,130,3400,exact,0.9,0.9,0.9,
"Vegetables, fruits & berries",Legumes,130,3600,exact,0.9,0.9,0.9,
"Vegetables, fruits & berries",Fruits,50,1000,gte,2.0,,>=2,
"Vegetables, fruits & berries",Fruits,50,1200,gte,2.0,,>=2,
"Vegetables, fruits & berries",Fruits,50,1400,gte,2.0,,>=2,
"Vegetables, fruits & berries",Fruits,50,1600,gte,2.0,,>=2,
"Vegetables, fruits & berries",Fruits,50,1800,gte,2.0,,>=2,
"Vegetables, fruits & berries",Fruits,50,2000,gte,2.0,,>=2,
"Vegetables, fruits & berries",Fruits,50,2200,gte,2.0,,>=2,
"Vegetables, fruits & berries",Fruits,50,2400,gte,2.0,,>=2,
"Vegetables, fruits & berries",Fruits,50,2600,gte,3.0,,>=3,
"Vegetables, fruits & berries",Fruits,50,2800,gte,3.0,,>=3,
"Vegetables, fruits & berries",Fruits,50,3000,gte,3.0,,>=3,
"Vegetables, fruits & berries",Fruits,50,3200,gte,3.0,,>=3,
"Vegetables, fruits & berries",Fruits,50,3400,gte,3.0,,>=3,
"Vegetables, fruits & berries",Fruits,50,3600,gte,4.0,,>=4,
"Vegetables, fruits & berries",Berries,50,1000,gte,0.3,,>=0.3,
"Vegetables, fruits & berries",Berries,50,1200,gte,0.3,,>=0.3,
"Vegetables, fruits & berries",Berries,50,1400,gte,0.3,,>=0.3,
"Vegetables, fruits & berries",Berries,50,1600,gte,0.3,,>=0.3,
"Vegetables, fruits & berries",Berries,50,1800,gte,0.4,,>=0.4,
"Vegetables, fruits & berries",Berries,50,2000,gte,0.4,,>=0.4,
"Vegetables, fruits & berries",Berries,50,2200,gte,0.4,,>=0.4,
"Vegetables, fruits & berries",Berries,50,2400,gte,0.4,,>=0.4,
"Vegetables, fruits & berries",Berries,50,2600,gte,0.5,,>=0.5,
"Vegetables, fruits & berries",Berries,50,2800,gte,0.5,,>=0.5,
"Vegetables, fruits & berries",Berries,50,3000,gte,0.6,,>=0.6,
"Vegetables, fruits & berries",Berries,50,3200,gte,0.6,,>=0.6,
"Vegetables, fruits & berries",Berries,50,3400,gte,0.7,,>=0.7,
"Vegetables, fruits & berries",Berries,50,3600,gte,0.7,,>=0.7,
Grain products & potatoes,(total),,1000,range,5.0,6.0,5-6,
Grain products & potatoes,(total),,1200,range,5.0,6.0,5-6,
Grain products & potatoes,(total),,1400,range,6.0,7.0,6-7,
Grain products & potatoes,(total),,1600,range,7.0,8.0,7-8,
Grain products & potatoes,(total),,1800,range,9.0,10.0,9-10,
Grain products & potatoes,(total),,2000,range,9.0,10.0,9-10,
Grain products & potatoes,(total),,2200,range,8.0,11.0,8-11*,total not printed at 2200kcal in source extraction; derived as sum of this level's sub-item ranges
Grain products & potatoes,(total),,2400,range,11.0,12.0,11-12,
Grain products & potatoes,(total),,2600,range,12.0,13.0,12-13,
Grain products & potatoes,(total),,2800,range,12.0,13.0,12-13,
Grain products & potatoes,(total),,3000,range,13.0,14.0,13-14,
Grain products & potatoes,(total),,3200,range,14.0,15.0,14-15,
Grain products & potatoes,(total),,3400,range,15.0,16.0,15-16,
Grain products & potatoes,(total),,3600,range,16.0,17.0,16-17,
Grain products & potatoes,High-fibre bread/baked goods,75,1000,range,1.0,2.0,1-2,
Grain products & potatoes,High-fibre bread/baked goods,75,1200,range,2.0,3.0,2-3,
Grain products & potatoes,High-fibre bread/baked goods,75,1400,range,2.0,3.0,2-3,
Grain products & potatoes,High-fibre bread/baked goods,75,1600,range,3.0,4.0,3-4,
Grain products & potatoes,High-fibre bread/baked goods,75,1800,range,3.0,4.0,3-4,
Grain products & potatoes,High-fibre bread/baked goods,75,2000,range,4.0,5.0,4-5,
Grain products & potatoes,High-fibre bread/baked goods,75,2200,range,4.0,5.0,4-5,
Grain products & potatoes,High-fibre bread/baked goods,75,2400,range,5.0,6.0,5-6,
Grain products & potatoes,High-fibre bread/baked goods,75,2600,range,5.0,6.0,5-6,
Grain products & potatoes,High-fibre bread/baked goods,75,2800,range,5.0,6.0,5-6,
Grain products & potatoes,High-fibre bread/baked goods,75,3000,range,6.0,7.0,6-7,
Grain products & potatoes,High-fibre bread/baked goods,75,3200,range,6.0,7.0,6-7,
Grain products & potatoes,High-fibre bread/baked goods,75,3400,range,7.0,8.0,7-8,
Grain products & potatoes,High-fibre bread/baked goods,75,3600,range,7.0,8.0,7-8,
Grain products & potatoes,Porridges/pasta/rice/grain products,75,1000,range,1.0,2.0,1-2,
Grain products & potatoes,Porridges/pasta/rice/grain products,75,1200,range,2.0,3.0,2-3,
Grain products & potatoes,Porridges/pasta/rice/grain products,75,1400,range,2.0,3.0,2-3,
Grain products & potatoes,Porridges/pasta/rice/grain products,75,1600,range,2.0,3.0,2-3,
Grain products & potatoes,Porridges/pasta/rice/grain products,75,1800,range,2.0,3.0,2-3,
Grain products & potatoes,Porridges/pasta/rice/grain products,75,2000,range,3.0,4.0,3-4,
Grain products & potatoes,Porridges/pasta/rice/grain products,75,2200,range,3.0,4.0,3-4,
Grain products & potatoes,Porridges/pasta/rice/grain products,75,2400,range,3.0,5.0,3-5,
Grain products & potatoes,Porridges/pasta/rice/grain products,75,2600,range,4.0,5.0,4-5,
Grain products & potatoes,Porridges/pasta/rice/grain products,75,2800,range,4.0,5.0,4-5,
Grain products & potatoes,Porridges/pasta/rice/grain products,75,3000,range,5.0,6.0,5-6,
Grain products & potatoes,Porridges/pasta/rice/grain products,75,3200,range,5.0,6.0,5-6,
Grain products & potatoes,Porridges/pasta/rice/grain products,75,3400,range,5.0,6.0,5-6,
Grain products & potatoes,Porridges/pasta/rice/grain products,75,3600,range,6.0,7.0,6-7,
Grain products & potatoes,"Potato, sweet potato",75,1000,exact,0.5,0.5,0.5,
Grain products & potatoes,"Potato, sweet potato",75,1200,range,0.5,1.0,0.5-1,
Grain products & potatoes,"Potato, sweet potato",75,1400,exact,1.0,1.0,1,
Grain products & potatoes,"Potato, sweet potato",75,1600,exact,1.0,1.0,1,
Grain products & potatoes,"Potato, sweet potato",75,1800,range,1.0,2.0,1-2,
Grain products & potatoes,"Potato, sweet potato",75,2000,range,1.0,2.0,1-2,
Grain products & potatoes,"Potato, sweet potato",75,2200,range,1.0,2.0,1-2,
Grain products & potatoes,"Potato, sweet potato",75,2400,exact,2.0,2.0,2,
Grain products & potatoes,"Potato, sweet potato",75,2600,exact,2.0,2.0,2,
Grain products & potatoes,"Potato, sweet potato",75,2800,range,2.0,3.0,2-3,
Grain products & potatoes,"Potato, sweet potato",75,3000,range,2.0,3.0,2-3,
Grain products & potatoes,"Potato, sweet potato",75,3200,range,2.0,3.0,2-3,
Grain products & potatoes,"Potato, sweet potato",75,3400,range,2.0,3.0,2-3,
Grain products & potatoes,"Potato, sweet potato",75,3600,range,2.0,3.0,2-3,
Dairy products,(total),110,1000,range,1.0,2.0,1-2,
Dairy products,(total),110,1200,range,1.0,2.0,1-2,
Dairy products,(total),110,1400,exact,2.0,2.0,2,
Dairy products,(total),110,1600,range,2.0,3.0,2-3,
Dairy products,(total),110,1800,range,2.0,3.0,2-3,
Dairy products,(total),110,2000,range,2.0,3.0,2-3,
Dairy products,(total),110,2200,range,2.0,3.0,2-3,
Dairy products,(total),110,2400,range,2.0,3.0,2-3,
Dairy products,(total),110,2600,range,2.0,3.0,2-3,
Dairy products,(total),110,2800,range,3.0,4.0,3-4,
Dairy products,(total),110,3000,range,3.0,4.0,3-4,
Dairy products,(total),110,3200,range,3.0,4.0,3-4,
Dairy products,(total),110,3400,range,3.0,4.0,3-4,
Dairy products,(total),110,3600,range,4.0,5.0,4-5,
"Nuts, seeds, oils & fats",(total),,1000,range,3.0,4.0,3-4,
"Nuts, seeds, oils & fats",(total),,1200,range,3.0,4.0,3-4,
"Nuts, seeds, oils & fats",(total),,1400,range,3.0,4.0,3-4,
"Nuts, seeds, oils & fats",(total),,1600,range,5.0,6.0,5-6,
"Nuts, seeds, oils & fats",(total),,1800,range,5.0,6.0,5-6,
"Nuts, seeds, oils & fats",(total),,2000,range,5.0,6.0,5-6,
"Nuts, seeds, oils & fats",(total),,2200,range,6.0,7.0,6-7,
"Nuts, seeds, oils & fats",(total),,2400,range,7.0,8.0,7-8,
"Nuts, seeds, oils & fats",(total),,2600,range,8.0,9.0,8-9,
"Nuts, seeds, oils & fats",(total),,2800,range,8.0,9.0,8-9,
"Nuts, seeds, oils & fats",(total),,3000,range,9.0,10.0,9-10,
"Nuts, seeds, oils & fats",(total),,3200,range,10.0,11.0,10-11,
"Nuts, seeds, oils & fats",(total),,3400,range,11.0,12.0,11-12,
"Nuts, seeds, oils & fats",(total),,3600,range,11.0,12.0,11-12,
"Nuts, seeds, oils & fats",Nuts,90,1000,range,0.5,1.0,0.5-1,
"Nuts, seeds, oils & fats",Nuts,90,1200,range,0.5,1.0,0.5-1,
"Nuts, seeds, oils & fats",Nuts,90,1400,range,0.5,1.0,0.5-1,
"Nuts, seeds, oils & fats",Nuts,90,1600,range,1.0,2.0,1-2,
"Nuts, seeds, oils & fats",Nuts,90,1800,range,1.0,2.0,1-2,
"Nuts, seeds, oils & fats",Nuts,90,2000,range,1.0,2.0,1-2,
"Nuts, seeds, oils & fats",Nuts,90,2200,range,2.0,3.0,2-3,
"Nuts, seeds, oils & fats",Nuts,90,2400,range,2.0,3.0,2-3,
"Nuts, seeds, oils & fats",Nuts,90,2600,range,2.0,3.0,2-3,
"Nuts, seeds, oils & fats",Nuts,90,2800,range,2.0,3.0,2-3,
"Nuts, seeds, oils & fats",Nuts,90,3000,range,2.0,3.0,2-3,
"Nuts, seeds, oils & fats",Nuts,90,3200,range,3.0,4.0,3-4,
"Nuts, seeds, oils & fats",Nuts,90,3400,range,3.0,4.0,3-4,
"Nuts, seeds, oils & fats",Nuts,90,3600,range,3.0,4.0,3-4,
"Nuts, seeds, oils & fats","Seeds, cocoa",50,1000,exact,0.2,0.2,0.2,
"Nuts, seeds, oils & fats","Seeds, cocoa",50,1200,exact,0.2,0.2,0.2,
"Nuts, seeds, oils & fats","Seeds, cocoa",50,1400,exact,0.2,0.2,0.2,
"Nuts, seeds, oils & fats","Seeds, cocoa",50,1600,exact,0.3,0.3,0.3,
"Nuts, seeds, oils & fats","Seeds, cocoa",50,1800,exact,0.3,0.3,0.3,
"Nuts, seeds, oils & fats","Seeds, cocoa",50,2000,exact,0.5,0.5,0.5,
"Nuts, seeds, oils & fats","Seeds, cocoa",50,2200,exact,0.5,0.5,0.5,
"Nuts, seeds, oils & fats","Seeds, cocoa",50,2400,exact,0.5,0.5,0.5,
"Nuts, seeds, oils & fats","Seeds, cocoa",50,2600,exact,0.5,0.5,0.5,
"Nuts, seeds, oils & fats","Seeds, cocoa",50,2800,exact,0.6,0.6,0.6,
"Nuts, seeds, oils & fats","Seeds, cocoa",50,3000,exact,0.7,0.7,0.7,
"Nuts, seeds, oils & fats","Seeds, cocoa",50,3200,exact,0.7,0.7,0.7,
"Nuts, seeds, oils & fats","Seeds, cocoa",50,3400,exact,0.8,0.8,0.8,
"Nuts, seeds, oils & fats","Seeds, cocoa",50,3600,exact,1.0,1.0,1,
"Nuts, seeds, oils & fats",Oils/fats/spreads,50,1000,range,2.0,3.0,2-3,
"Nuts, seeds, oils & fats",Oils/fats/spreads,50,1200,range,2.0,3.0,2-3,
"Nuts, seeds, oils & fats",Oils/fats/spreads,50,1400,range,2.0,3.0,2-3,
"Nuts, seeds, oils & fats",Oils/fats/spreads,50,1600,range,3.0,4.0,3-4,
"Nuts, seeds, oils & fats",Oils/fats/spreads,50,1800,range,3.0,4.0,3-4,
"Nuts, seeds, oils & fats",Oils/fats/spreads,50,2000,range,3.0,4.0,3-4,
"Nuts, seeds, oils & fats",Oils/fats/spreads,50,2200,range,3.0,4.0,3-4,
"Nuts, seeds, oils & fats",Oils/fats/spreads,50,2400,range,4.0,5.0,4-5,
"Nuts, seeds, oils & fats",Oils/fats/spreads,50,2600,range,5.0,6.0,5-6,
"Nuts, seeds, oils & fats",Oils/fats/spreads,50,2800,range,5.0,6.0,5-6,
"Nuts, seeds, oils & fats",Oils/fats/spreads,50,3000,range,6.0,7.0,6-7,
"Nuts, seeds, oils & fats",Oils/fats/spreads,50,3200,range,6.0,7.0,6-7,
"Nuts, seeds, oils & fats",Oils/fats/spreads,50,3400,range,7.0,8.0,7-8,
"Nuts, seeds, oils & fats",Oils/fats/spreads,50,3600,range,7.0,8.0,7-8,
"Fish, eggs & meat",(total),,1000,exact,2.0,2.0,2,
"Fish, eggs & meat",(total),,1200,range,2.0,3.0,2-3,
"Fish, eggs & meat",(total),,1400,range,2.0,3.0,2-3,
"Fish, eggs & meat",(total),,1600,exact,3.0,3.0,3,
"Fish, eggs & meat",(total),,1800,range,3.0,4.0,3-4,
"Fish, eggs & meat",(total),,2000,range,3.0,4.0,3-4,
"Fish, eggs & meat",(total),,2200,range,3.0,4.0,3-4,
"Fish, eggs & meat",(total),,2400,range,4.0,5.0,4-5,
"Fish, eggs & meat",(total),,2600,range,4.0,5.0,4-5,
"Fish, eggs & meat",(total),,2800,range,4.0,5.0,4-5,
"Fish, eggs & meat",(total),,3000,range,4.0,5.0,4-5,
"Fish, eggs & meat",(total),,3200,range,4.0,5.0,4-5,
"Fish, eggs & meat",(total),,3400,range,4.0,5.0,4-5,
"Fish, eggs & meat",(total),,3600,range,4.0,5.0,4-5,
"Fish, eggs & meat",Fish & seafood,80,1000,range,0.5,1.0,0.5-1,
"Fish, eggs & meat",Fish & seafood,80,1200,range,0.5,1.5,0.5-1.5,
"Fish, eggs & meat",Fish & seafood,80,1400,range,1.0,1.5,1-1.5,
"Fish, eggs & meat",Fish & seafood,80,1600,range,1.0,1.5,1-1.5,
"Fish, eggs & meat",Fish & seafood,80,1800,range,1.0,2.0,1-2,
"Fish, eggs & meat",Fish & seafood,80,2000,range,1.0,2.0,1-2,
"Fish, eggs & meat",Fish & seafood,80,2200,range,1.0,2.0,1-2,
"Fish, eggs & meat",Fish & seafood,80,2400,range,1.0,2.0,1-2,
"Fish, eggs & meat",Fish & seafood,80,2600,range,1.0,2.0,1-2,
"Fish, eggs & meat",Fish & seafood,80,2800,range,1.0,2.0,1-2,
"Fish, eggs & meat",Fish & seafood,80,3000,range,1.0,2.0,1-2,
"Fish, eggs & meat",Fish & seafood,80,3200,range,1.0,2.0,1-2,
"Fish, eggs & meat",Fish & seafood,80,3400,range,1.0,2.0,1-2,
"Fish, eggs & meat",Fish & seafood,80,3600,range,1.0,2.0,1-2,
"Fish, eggs & meat",Eggs,80,1000,exact,0.5,0.5,0.5,
"Fish, eggs & meat",Eggs,80,1200,exact,0.5,0.5,0.5,
"Fish, eggs & meat",Eggs,80,1400,exact,0.5,0.5,0.5,
"Fish, eggs & meat",Eggs,80,1600,exact,0.5,0.5,0.5,
"Fish, eggs & meat",Eggs,80,1800,exact,0.5,0.5,0.5,
"Fish, eggs & meat",Eggs,80,2000,exact,0.5,0.5,0.5,
"Fish, eggs & meat",Eggs,80,2200,exact,0.5,0.5,0.5,
"Fish, eggs & meat",Eggs,80,2400,exact,0.5,0.5,0.5,
"Fish, eggs & meat",Eggs,80,2600,exact,0.5,0.5,0.5,
"Fish, eggs & meat",Eggs,80,2800,exact,0.5,0.5,0.5,
"Fish, eggs & meat",Eggs,80,3000,exact,0.5,0.5,0.5,
"Fish, eggs & meat",Eggs,80,3200,exact,0.5,0.5,0.5,
"Fish, eggs & meat",Eggs,80,3400,exact,0.5,0.5,0.5,
"Fish, eggs & meat",Eggs,80,3600,exact,0.5,0.5,0.5,
"Fish, eggs & meat",Poultry,80,1000,exact,0.4,0.4,0.4,
"Fish, eggs & meat",Poultry,80,1200,exact,0.5,0.5,0.5,
"Fish, eggs & meat",Poultry,80,1400,exact,0.6,0.6,0.6,
"Fish, eggs & meat",Poultry,80,1600,exact,0.7,0.7,0.7,
"Fish, eggs & meat",Poultry,80,1800,exact,0.9,0.9,0.9,
"Fish, eggs & meat",Poultry,80,2000,exact,1.0,1.0,1,
"Fish, eggs & meat",Poultry,80,2200,exact,1.0,1.0,1,
"Fish, eggs & meat",Poultry,80,2400,exact,1.0,1.0,1,
"Fish, eggs & meat",Poultry,80,2600,exact,1.0,1.0,1,
"Fish, eggs & meat",Poultry,80,2800,exact,1.0,1.0,1,
"Fish, eggs & meat",Poultry,80,3000,exact,1.0,1.0,1,
"Fish, eggs & meat",Poultry,80,3200,exact,1.0,1.0,1,
"Fish, eggs & meat",Poultry,80,3400,exact,1.0,1.0,1,
"Fish, eggs & meat",Poultry,80,3600,exact,1.0,1.0,1,
"Fish, eggs & meat",Red meat,80,1000,exact,0.3,0.3,0.3,
"Fish, eggs & meat",Red meat,80,1200,exact,0.3,0.3,0.3,
"Fish, eggs & meat",Red meat,80,1400,exact,0.5,0.5,0.5,
"Fish, eggs & meat",Red meat,80,1600,exact,0.5,0.5,0.5,
"Fish, eggs & meat",Red meat,80,1800,exact,0.5,0.5,0.5,
"Fish, eggs & meat",Red meat,80,2000,exact,0.5,0.5,0.5,
"Fish, eggs & meat",Red meat,80,2200,exact,0.5,0.5,0.5,
"Fish, eggs & meat",Red meat,80,2400,lte,,0.6,<=0.6,
"Fish, eggs & meat",Red meat,80,2600,lte,,0.6,<=0.6,
"Fish, eggs & meat",Red meat,80,2800,lte,,0.6,<=0.6,
"Fish, eggs & meat",Red meat,80,3000,lte,,0.6,<=0.6,
"Fish, eggs & meat",Red meat,80,3200,lte,,0.6,<=0.6,
"Fish, eggs & meat",Red meat,80,3400,lte,,0.6,<=0.6,
"Fish, eggs & meat",Red meat,80,3600,lte,,0.6,<=0.6,
"Sweets, snacks & discretionary",(total),40,1000,lte,,1.0,<=1,
"Sweets, snacks & discretionary",(total),40,1200,lte,,1.0,<=1,
"Sweets, snacks & discretionary",(total),40,1400,lte,,2.0,<=2,
"Sweets, snacks & discretionary",(total),40,1600,lte,,2.0,<=2,
"Sweets, snacks & discretionary",(total),40,1800,lte,,3.0,<=3,
"Sweets, snacks & discretionary",(total),40,2000,lte,,4.0,<=4,
"Sweets, snacks & discretionary",(total),40,2200,lte,,4.0,<=4,
"Sweets, snacks & discretionary",(total),40,2400,lte,,4.0,<=4,
"Sweets, snacks & discretionary",(total),40,2600,lte,,5.0,<=5,
"Sweets, snacks & discretionary",(total),40,2800,lte,,5.0,<=5,
"Sweets, snacks & discretionary",(total),40,3000,lte,,5.0,<=5,
"Sweets, snacks & discretionary",(total),40,3200,lte,,6.0,<=6,
"Sweets, snacks & discretionary",(total),40,3400,lte,,6.0,<=6,
"Sweets, snacks & discretionary",(total),40,3600,lte,,6.0,<=6,
