food_group_et,sex,age_group,grams_per_day
Tärkliserikkad toidud: teraviljatooted ja kartul,total,total,282
Tärkliserikkad toidud: teraviljatooted ja kartul,total,2-5,254
Tärkliserikkad toidud: teraviljatooted ja kartul,total,6-9,272
Tärkliserikkad toidud: teraviljatooted ja kartul,total,10-13,264
Tärkliserikkad toidud: teraviljatooted ja kartul,total,14-17,302
Tärkliserikkad toidud: teraviljatooted ja kartul,total,18-24,270
Tärkliserikkad toidud: teraviljatooted ja kartul,total,25-29,265
Tärkliserikkad toidud: teraviljatooted ja kartul,total,30-34,274
Tärkliserikkad toidud: teraviljatooted ja kartul,total,35-39,305
Tärkliserikkad toidud: teraviljatooted ja kartul,total,40-44,269
Tärkliserikkad toidud: teraviljatooted ja kartul,total,45-49,290
Tärkliserikkad toidud: teraviljatooted ja kartul,total,50-54,271
Tärkliserikkad toidud: teraviljatooted ja kartul,total,55-59,299
Tärkliserikkad toidud: teraviljatooted ja kartul,total,60-64,308
Tärkliserikkad toidud: teraviljatooted ja kartul,total,65-69,302
Tärkliserikkad toidud: teraviljatooted ja kartul,total,70-74,297
Tärkliserikkad toidud: teraviljatooted ja kartul,male,total,322
Tärkliserikkad toidud: teraviljatooted ja kartul,male,2-5,271
Tärkliserikkad toidud: teraviljatooted ja kartul,male,6-9,293
Tärkliserikkad toidud: teraviljatooted ja kartul,male,10-13,299
Tärkliserikkad toidud: teraviljatooted ja kartul,male,14-17,381
Tärkliserikkad toidud: teraviljatooted ja kartul,male,18-24,322
Tärkliserikkad toidud: teraviljatooted ja kartul,male,25-29,291
Tärkliserikkad toidud: teraviljatooted ja kartul,male,30-34,276
Tärkliserikkad toidud: teraviljatooted ja kartul,male,35-39,355
Tärkliserikkad toidud: teraviljatooted ja kartul,male,40-44,293
Tärkliserikkad toidud: teraviljatooted ja kartul,male,45-49,361
Tärkliserikkad toidud: teraviljatooted ja kartul,male,50-54,320
Tärkliserikkad toidud: teraviljatooted ja kartul,male,55-59,328
Tärkliserikkad toidud: teraviljatooted ja kartul,male,60-64,369
Tärkliserikkad toidud: teraviljatooted ja kartul,male,65-69,334
Tärkliserikkad toidud: teraviljatooted ja kartul,male,70-74,363
Tärkliserikkad toidud: teraviljatooted ja kartul,female,total,246
Tärkliserikkad toidud: teraviljatooted ja kartul,female,2-5,236
Tärkliserikkad toidud: teraviljatooted ja kartul,female,6-9,250
Tärkliserikkad toidud: teraviljatooted ja kartul,female,10-13,226
Tärkliserikkad toidud: teraviljatooted ja kartul,female,14-17,218
Tärkliserikkad toidud: teraviljatooted ja kartul,female,18-24,215
Tärkliserikkad toidud: teraviljatooted ja kartul,female,25-29,237
Tärkliserikkad toidud: teraviljatooted ja kartul,female,30-34,273
Tärkliserikkad toidud: teraviljatooted ja kartul,female,35-39,254
Tärkliserikkad toidud: teraviljatooted ja kartul,female,40-44,245
Tärkliserikkad toidud: teraviljatooted ja kartul,female,45-49,221
Tärkliserikkad toidud: teraviljatooted ja kartul,female,50-54,227
Tärkliserikkad toidud: teraviljatooted ja kartul,female,55-59,274
Tärkliserikkad toidud: teraviljatooted ja kartul,female,60-64,262
Tärkliserikkad toidud: teraviljatooted ja kartul,female,65-69,281
Tärkliserikkad toidud: teraviljatooted ja kartul,female,70-74,260
"..leib, sepik, sai",total,total,71
"..leib, sepik, sai",total,2-5,39
"..leib, sepik, sai",total,6-9,47
"..leib, sepik, sai",total,10-13,56
"..leib, sepik, sai",total,14-17,63
"..leib, sepik, sai",total,18-24,63
"..leib, sepik, sai",total,25-29,63
"..leib, sepik, sai",total,30-34,59
"..leib, sepik, sai",total,35-39,79
"..leib, sepik, sai",total,40-44,75
"..leib, sepik, sai",total,45-49,82
"..leib, sepik, sai",total,50-54,75
"..leib, sepik, sai",total,55-59,84
"..leib, sepik, sai",total,60-64,87
"..leib, sepik, sai",total,65-69,91
"..leib, sepik, sai",total,70-74,86
"..leib, sepik, sai",male,total,85
"..leib, sepik, sai",male,2-5,43
"..leib, sepik, sai",male,6-9,49
"..leib, sepik, sai",male,10-13,62
"..leib, sepik, sai",male,14-17,77
"..leib, sepik, sai",male,18-24,77
"..leib, sepik, sai",male,25-29,72
"..leib, sepik, sai",male,30-34,61
"..leib, sepik, sai",male,35-39,94
"..leib, sepik, sai",male,40-44,89
"..leib, sepik, sai",male,45-49,105
"..leib, sepik, sai",male,50-54,97
"..leib, sepik, sai",male,55-59,106
"..leib, sepik, sai",male,60-64,116
"..leib, sepik, sai",male,65-69,111
"..leib, sepik, sai",male,70-74,111
"..leib, sepik, sai",female,total,58
"..leib, sepik, sai",female,2-5,36
"..leib, sepik, sai",female,6-9,45
"..leib, sepik, sai",female,10-13,51
"..leib, sepik, sai",female,14-17,48
"..leib, sepik, sai",female,18-24,48
"..leib, sepik, sai",female,25-29,53
"..leib, sepik, sai",female,30-34,56
"..leib, sepik, sai",female,35-39,64
"..leib, sepik, sai",female,40-44,62
"..leib, sepik, sai",female,45-49,60
"..leib, sepik, sai",female,50-54,55
"..leib, sepik, sai",female,55-59,67
"..leib, sepik, sai",female,60-64,66
"..leib, sepik, sai",female,65-69,78
"..leib, sepik, sai",female,70-74,71
"..pudrud, riis, makaronid",total,total,127
"..pudrud, riis, makaronid",total,2-5,156
"..pudrud, riis, makaronid",total,6-9,152
"..pudrud, riis, makaronid",total,10-13,130
"..pudrud, riis, makaronid",total,14-17,123
"..pudrud, riis, makaronid",total,18-24,134
"..pudrud, riis, makaronid",total,25-29,124
"..pudrud, riis, makaronid",total,30-34,133
"..pudrud, riis, makaronid",total,35-39,152
"..pudrud, riis, makaronid",total,40-44,109
"..pudrud, riis, makaronid",total,45-49,109
"..pudrud, riis, makaronid",total,50-54,110
"..pudrud, riis, makaronid",total,55-59,119
"..pudrud, riis, makaronid",total,60-64,118
"..pudrud, riis, makaronid",total,65-69,122
"..pudrud, riis, makaronid",total,70-74,123
"..pudrud, riis, makaronid",male,total,133
"..pudrud, riis, makaronid",male,2-5,163
"..pudrud, riis, makaronid",male,6-9,169
"..pudrud, riis, makaronid",male,10-13,150
"..pudrud, riis, makaronid",male,14-17,162
"..pudrud, riis, makaronid",male,18-24,140
"..pudrud, riis, makaronid",male,25-29,113
"..pudrud, riis, makaronid",male,30-34,115
"..pudrud, riis, makaronid",male,35-39,173
"..pudrud, riis, makaronid",male,40-44,109
"..pudrud, riis, makaronid",male,45-49,130
"..pudrud, riis, makaronid",male,50-54,107
"..pudrud, riis, makaronid",male,55-59,115
"..pudrud, riis, makaronid",male,60-64,118
"..pudrud, riis, makaronid",male,65-69,115
"..pudrud, riis, makaronid",male,70-74,151
"..pudrud, riis, makaronid",female,total,121
"..pudrud, riis, makaronid",female,2-5,150
"..pudrud, riis, makaronid",female,6-9,133
"..pudrud, riis, makaronid",female,10-13,108
"..pudrud, riis, makaronid",female,14-17,82
"..pudrud, riis, makaronid",female,18-24,127
"..pudrud, riis, makaronid",female,25-29,137
"..pudrud, riis, makaronid",female,30-34,151
"..pudrud, riis, makaronid",female,35-39,130
"..pudrud, riis, makaronid",female,40-44,109
"..pudrud, riis, makaronid",female,45-49,89
"..pudrud, riis, makaronid",female,50-54,113
"..pudrud, riis, makaronid",female,55-59,123
"..pudrud, riis, makaronid",female,60-64,119
"..pudrud, riis, makaronid",female,65-69,127
"..pudrud, riis, makaronid",female,70-74,107
..kartul,total,total,97
..kartul,total,2-5,71
..kartul,total,6-9,92
..kartul,total,10-13,94
..kartul,total,14-17,114
..kartul,total,18-24,96
..kartul,total,25-29,90
..kartul,total,30-34,100
..kartul,total,35-39,92
..kartul,total,40-44,100
..kartul,total,45-49,106
..kartul,total,50-54,102
..kartul,total,55-59,98
..kartul,total,60-64,110
..kartul,total,65-69,102
..kartul,total,70-74,92
..kartul,male,total,119
..kartul,male,2-5,76
..kartul,male,6-9,95
..kartul,male,10-13,102
..kartul,male,14-17,141
..kartul,male,18-24,126
..kartul,male,25-29,112
..kartul,male,30-34,122
..kartul,male,35-39,109
..kartul,male,40-44,119
..kartul,male,45-49,129
..kartul,male,50-54,136
..kartul,male,55-59,113
..kartul,male,60-64,143
..kartul,male,65-69,136
..kartul,male,70-74,116
..kartul,female,total,77
..kartul,female,2-5,66
..kartul,female,6-9,88
..kartul,female,10-13,86
..kartul,female,14-17,85
..kartul,female,18-24,65
..kartul,female,25-29,66
..kartul,female,30-34,77
..kartul,female,35-39,75
..kartul,female,40-44,81
..kartul,female,45-49,84
..kartul,female,50-54,72
..kartul,female,55-59,85
..kartul,female,60-64,85
..kartul,female,65-69,78
..kartul,female,70-74,78
"Puu- ja köögiviljad, marjad",total,total,347
"Puu- ja köögiviljad, marjad",total,2-5,287
"Puu- ja köögiviljad, marjad",total,6-9,321
"Puu- ja köögiviljad, marjad",total,10-13,288
"Puu- ja köögiviljad, marjad",total,14-17,296
"Puu- ja köögiviljad, marjad",total,18-24,310
"Puu- ja köögiviljad, marjad",total,25-29,328
"Puu- ja köögiviljad, marjad",total,30-34,373
"Puu- ja köögiviljad, marjad",total,35-39,370
"Puu- ja köögiviljad, marjad",total,40-44,369
"Puu- ja köögiviljad, marjad",total,45-49,356
"Puu- ja köögiviljad, marjad",total,50-54,413
"Puu- ja köögiviljad, marjad",total,55-59,374
"Puu- ja köögiviljad, marjad",total,60-64,356
"Puu- ja köögiviljad, marjad",total,65-69,347
"Puu- ja köögiviljad, marjad",total,70-74,348
"Puu- ja köögiviljad, marjad",male,total,329
"Puu- ja köögiviljad, marjad",male,2-5,290
"Puu- ja köögiviljad, marjad",male,6-9,327
"Puu- ja köögiviljad, marjad",male,10-13,274
"Puu- ja köögiviljad, marjad",male,14-17,291
"Puu- ja köögiviljad, marjad",male,18-24,296
"Puu- ja köögiviljad, marjad",male,25-29,285
"Puu- ja köögiviljad, marjad",male,30-34,362
"Puu- ja köögiviljad, marjad",male,35-39,367
"Puu- ja köögiviljad, marjad",male,40-44,355
"Puu- ja köögiviljad, marjad",male,45-49,315
"Puu- ja köögiviljad, marjad",male,50-54,424
"Puu- ja köögiviljad, marjad",male,55-59,333
"Puu- ja köögiviljad, marjad",male,60-64,345
"Puu- ja köögiviljad, marjad",male,65-69,319
"Puu- ja köögiviljad, marjad",male,70-74,286
"Puu- ja köögiviljad, marjad",female,total,364
"Puu- ja köögiviljad, marjad",female,2-5,284
"Puu- ja köögiviljad, marjad",female,6-9,315
"Puu- ja köögiviljad, marjad",female,10-13,302
"Puu- ja köögiviljad, marjad",female,14-17,301
"Puu- ja köögiviljad, marjad",female,18-24,325
"Puu- ja köögiviljad, marjad",female,25-29,372
"Puu- ja köögiviljad, marjad",female,30-34,385
"Puu- ja köögiviljad, marjad",female,35-39,374
"Puu- ja köögiviljad, marjad",female,40-44,383
"Puu- ja köögiviljad, marjad",female,45-49,395
"Puu- ja köögiviljad, marjad",female,50-54,402
"Puu- ja köögiviljad, marjad",female,55-59,408
"Puu- ja köögiviljad, marjad",female,60-64,364
"Puu- ja köögiviljad, marjad",female,65-69,367
"Puu- ja köögiviljad, marjad",female,70-74,383
..köögiviljad,total,total,137
..köögiviljad,total,2-5,88
..köögiviljad,total,6-9,97
..köögiviljad,total,10-13,92
..köögiviljad,total,14-17,99
..köögiviljad,total,18-24,126
..köögiviljad,total,25-29,151
..köögiviljad,total,30-34,150
..köögiviljad,total,35-39,156
..köögiviljad,total,40-44,137
..köögiviljad,total,45-49,158
..köögiviljad,total,50-54,155
..köögiviljad,total,55-59,160
..köögiviljad,total,60-64,142
..köögiviljad,total,65-69,141
..köögiviljad,total,70-74,132
..köögiviljad,male,total,139
..köögiviljad,male,2-5,87
..köögiviljad,male,6-9,95
..köögiviljad,male,10-13,101
..köögiviljad,male,14-17,94
..köögiviljad,male,18-24,138
..köögiviljad,male,25-29,155
..köögiviljad,male,30-34,153
..köögiviljad,male,35-39,166
..köögiviljad,male,40-44,132
..köögiviljad,male,45-49,157
..köögiviljad,male,50-54,158
..köögiviljad,male,55-59,164
..köögiviljad,male,60-64,153
..köögiviljad,male,65-69,140
..köögiviljad,male,70-74,127
..köögiviljad,female,total,134
..köögiviljad,female,2-5,89
..köögiviljad,female,6-9,99
..köögiviljad,female,10-13,82
..köögiviljad,female,14-17,103
..köögiviljad,female,18-24,114
..köögiviljad,female,25-29,147
..köögiviljad,female,30-34,145
..köögiviljad,female,35-39,145
..köögiviljad,female,40-44,141
..köögiviljad,female,45-49,159
..köögiviljad,female,50-54,153
..köögiviljad,female,55-59,156
..köögiviljad,female,60-64,134
..köögiviljad,female,65-69,142
..köögiviljad,female,70-74,134
..puuviljad ja marjad,total,total,210
..puuviljad ja marjad,total,2-5,199
..puuviljad ja marjad,total,6-9,225
..puuviljad ja marjad,total,10-13,196
..puuviljad ja marjad,total,14-17,197
..puuviljad ja marjad,total,18-24,184
..puuviljad ja marjad,total,25-29,176
..puuviljad ja marjad,total,30-34,224
..puuviljad ja marjad,total,35-39,215
..puuviljad ja marjad,total,40-44,233
..puuviljad ja marjad,total,45-49,199
..puuviljad ja marjad,total,50-54,257
..puuviljad ja marjad,total,55-59,214
..puuviljad ja marjad,total,60-64,214
..puuviljad ja marjad,total,65-69,206
..puuviljad ja marjad,total,70-74,216
..puuviljad ja marjad,male,total,189
..puuviljad ja marjad,male,2-5,203
..puuviljad ja marjad,male,6-9,233
..puuviljad ja marjad,male,10-13,174
..puuviljad ja marjad,male,14-17,197
..puuviljad ja marjad,male,18-24,158
..puuviljad ja marjad,male,25-29,130
..puuviljad ja marjad,male,30-34,208
..puuviljad ja marjad,male,35-39,201
..puuviljad ja marjad,male,40-44,223
..puuviljad ja marjad,male,45-49,159
..puuviljad ja marjad,male,50-54,266
..puuviljad ja marjad,male,55-59,169
..puuviljad ja marjad,male,60-64,192
..puuviljad ja marjad,male,65-69,179
..puuviljad ja marjad,male,70-74,159
..puuviljad ja marjad,female,total,230
..puuviljad ja marjad,female,2-5,195
..puuviljad ja marjad,female,6-9,217
..puuviljad ja marjad,female,10-13,221
..puuviljad ja marjad,female,14-17,198
..puuviljad ja marjad,female,18-24,211
..puuviljad ja marjad,female,25-29,225
..puuviljad ja marjad,female,30-34,239
..puuviljad ja marjad,female,35-39,229
..puuviljad ja marjad,female,40-44,242
..puuviljad ja marjad,female,45-49,237
..puuviljad ja marjad,female,50-54,250
..puuviljad ja marjad,female,55-59,252
..puuviljad ja marjad,female,60-64,230
..puuviljad ja marjad,female,65-69,225
..puuviljad ja marjad,female,70-74,249
Piim ja piimatooted,total,total,300
Piim ja piimatooted,total,2-5,361
Piim ja piimatooted,total,6-9,425
Piim ja piimatooted,total,10-13,359
Piim ja piimatooted,total,14-17,326
Piim ja piimatooted,total,18-24,338
Piim ja piimatooted,total,25-29,285
Piim ja piimatooted,total,30-34,313
Piim ja piimatooted,total,35-39,340
Piim ja piimatooted,total,40-44,254
Piim ja piimatooted,total,45-49,266
Piim ja piimatooted,total,50-54,281
Piim ja piimatooted,total,55-59,239
Piim ja piimatooted,total,60-64,241
Piim ja piimatooted,total,65-69,293
Piim ja piimatooted,total,70-74,260
Piim ja piimatooted,male,total,327
Piim ja piimatooted,male,2-5,367
Piim ja piimatooted,male,6-9,471
Piim ja piimatooted,male,10-13,387
Piim ja piimatooted,male,14-17,390
Piim ja piimatooted,male,18-24,399
Piim ja piimatooted,male,25-29,281
Piim ja piimatooted,male,30-34,318
Piim ja piimatooted,male,35-39,387
Piim ja piimatooted,male,40-44,260
Piim ja piimatooted,male,45-49,291
Piim ja piimatooted,male,50-54,321
Piim ja piimatooted,male,55-59,223
Piim ja piimatooted,male,60-64,249
Piim ja piimatooted,male,65-69,333
Piim ja piimatooted,male,70-74,285
Piim ja piimatooted,female,total,275
Piim ja piimatooted,female,2-5,356
Piim ja piimatooted,female,6-9,376
Piim ja piimatooted,female,10-13,329
Piim ja piimatooted,female,14-17,258
Piim ja piimatooted,female,18-24,273
Piim ja piimatooted,female,25-29,288
Piim ja piimatooted,female,30-34,308
Piim ja piimatooted,female,35-39,291
Piim ja piimatooted,female,40-44,248
Piim ja piimatooted,female,45-49,242
Piim ja piimatooted,female,50-54,244
Piim ja piimatooted,female,55-59,252
Piim ja piimatooted,female,60-64,235
Piim ja piimatooted,female,65-69,265
Piim ja piimatooted,female,70-74,245
"Kala, linnuliha, muna, liha ja nendest valmistatud tooted",total,total,153
"Kala, linnuliha, muna, liha ja nendest valmistatud tooted",total,2-5,74
"Kala, linnuliha, muna, liha ja nendest valmistatud tooted",total,6-9,107
"Kala, linnuliha, muna, liha ja nendest valmistatud tooted",total,10-13,117
"Kala, linnuliha, muna, liha ja nendest valmistatud tooted",total,14-17,132
"Kala, linnuliha, muna, liha ja nendest valmistatud tooted",total,18-24,166
"Kala, linnuliha, muna, liha ja nendest valmistatud tooted",total,25-29,182
"Kala, linnuliha, muna, liha ja nendest valmistatud tooted",total,30-34,166
"Kala, linnuliha, muna, liha ja nendest valmistatud tooted",total,35-39,171
"Kala, linnuliha, muna, liha ja nendest valmistatud tooted",total,40-44,163
"Kala, linnuliha, muna, liha ja nendest valmistatud tooted",total,45-49,148
"Kala, linnuliha, muna, liha ja nendest valmistatud tooted",total,50-54,165
"Kala, linnuliha, muna, liha ja nendest valmistatud tooted",total,55-59,160
"Kala, linnuliha, muna, liha ja nendest valmistatud tooted",total,60-64,163
"Kala, linnuliha, muna, liha ja nendest valmistatud tooted",total,65-69,155
"Kala, linnuliha, muna, liha ja nendest valmistatud tooted",total,70-74,145
"Kala, linnuliha, muna, liha ja nendest valmistatud tooted",male,total,182
"Kala, linnuliha, muna, liha ja nendest valmistatud tooted",male,2-5,77
"Kala, linnuliha, muna, liha ja nendest valmistatud tooted",male,6-9,118
"Kala, linnuliha, muna, liha ja nendest valmistatud tooted",male,10-13,141
"Kala, linnuliha, muna, liha ja nendest valmistatud tooted",male,14-17,154
"Kala, linnuliha, muna, liha ja nendest valmistatud tooted",male,18-24,205
"Kala, linnuliha, muna, liha ja nendest valmistatud tooted",male,25-29,213
"Kala, linnuliha, muna, liha ja nendest valmistatud tooted",male,30-34,184
"Kala, linnuliha, muna, liha ja nendest valmistatud tooted",male,35-39,204
"Kala, linnuliha, muna, liha ja nendest valmistatud tooted",male,40-44,202
"Kala, linnuliha, muna, liha ja nendest valmistatud tooted",male,45-49,172
"Kala, linnuliha, muna, liha ja nendest valmistatud tooted",male,50-54,207
"Kala, linnuliha, muna, liha ja nendest valmistatud tooted",male,55-59,182
"Kala, linnuliha, muna, liha ja nendest valmistatud tooted",male,60-64,199
"Kala, linnuliha, muna, liha ja nendest valmistatud tooted",male,65-69,192
"Kala, linnuliha, muna, liha ja nendest valmistatud tooted",male,70-74,189
"Kala, linnuliha, muna, liha ja nendest valmistatud tooted",female,total,126
"Kala, linnuliha, muna, liha ja nendest valmistatud tooted",female,2-5,72
"Kala, linnuliha, muna, liha ja nendest valmistatud tooted",female,6-9,96
"Kala, linnuliha, muna, liha ja nendest valmistatud tooted",female,10-13,93
"Kala, linnuliha, muna, liha ja nendest valmistatud tooted",female,14-17,107
"Kala, linnuliha, muna, liha ja nendest valmistatud tooted",female,18-24,124
"Kala, linnuliha, muna, liha ja nendest valmistatud tooted",female,25-29,150
"Kala, linnuliha, muna, liha ja nendest valmistatud tooted",female,30-34,146
"Kala, linnuliha, muna, liha ja nendest valmistatud tooted",female,35-39,136
"Kala, linnuliha, muna, liha ja nendest valmistatud tooted",female,40-44,125
"Kala, linnuliha, muna, liha ja nendest valmistatud tooted",female,45-49,126
"Kala, linnuliha, muna, liha ja nendest valmistatud tooted",female,50-54,126
"Kala, linnuliha, muna, liha ja nendest valmistatud tooted",female,55-59,141
"Kala, linnuliha, muna, liha ja nendest valmistatud tooted",female,60-64,137
"Kala, linnuliha, muna, liha ja nendest valmistatud tooted",female,65-69,131
"Kala, linnuliha, muna, liha ja nendest valmistatud tooted",female,70-74,120
..kala ja kalatooted,total,total,23
..kala ja kalatooted,total,2-5,8
..kala ja kalatooted,total,6-9,11
..kala ja kalatooted,total,10-13,10
..kala ja kalatooted,total,14-17,10
..kala ja kalatooted,total,18-24,15
..kala ja kalatooted,total,25-29,22
..kala ja kalatooted,total,30-34,19
..kala ja kalatooted,total,35-39,22
..kala ja kalatooted,total,40-44,27
..kala ja kalatooted,total,45-49,27
..kala ja kalatooted,total,50-54,35
..kala ja kalatooted,total,55-59,31
..kala ja kalatooted,total,60-64,32
..kala ja kalatooted,total,65-69,34
..kala ja kalatooted,total,70-74,27
..kala ja kalatooted,male,total,25
..kala ja kalatooted,male,2-5,7
..kala ja kalatooted,male,6-9,13
..kala ja kalatooted,male,10-13,11
..kala ja kalatooted,male,14-17,12
..kala ja kalatooted,male,18-24,15
..kala ja kalatooted,male,25-29,23
..kala ja kalatooted,male,30-34,18
..kala ja kalatooted,male,35-39,24
..kala ja kalatooted,male,40-44,33
..kala ja kalatooted,male,45-49,29
..kala ja kalatooted,male,50-54,44
..kala ja kalatooted,male,55-59,36
..kala ja kalatooted,male,60-64,35
..kala ja kalatooted,male,65-69,42
..kala ja kalatooted,male,70-74,36
..kala ja kalatooted,female,total,21
..kala ja kalatooted,female,2-5,8
..kala ja kalatooted,female,6-9,8
..kala ja kalatooted,female,10-13,10
..kala ja kalatooted,female,14-17,9
..kala ja kalatooted,female,18-24,15
..kala ja kalatooted,female,25-29,21
..kala ja kalatooted,female,30-34,21
..kala ja kalatooted,female,35-39,21
..kala ja kalatooted,female,40-44,21
..kala ja kalatooted,female,45-49,24
..kala ja kalatooted,female,50-54,27
..kala ja kalatooted,female,55-59,26
..kala ja kalatooted,female,60-64,30
..kala ja kalatooted,female,65-69,29
..kala ja kalatooted,female,70-74,21
"..liha, linnuliha (sh rupskid) ja nendest valmistatud tooted",total,total,109
"..liha, linnuliha (sh rupskid) ja nendest valmistatud tooted",total,2-5,56
"..liha, linnuliha (sh rupskid) ja nendest valmistatud tooted",total,6-9,80
"..liha, linnuliha (sh rupskid) ja nendest valmistatud tooted",total,10-13,91
"..liha, linnuliha (sh rupskid) ja nendest valmistatud tooted",total,14-17,107
"..liha, linnuliha (sh rupskid) ja nendest valmistatud tooted",total,18-24,124
"..liha, linnuliha (sh rupskid) ja nendest valmistatud tooted",total,25-29,135
"..liha, linnuliha (sh rupskid) ja nendest valmistatud tooted",total,30-34,125
"..liha, linnuliha (sh rupskid) ja nendest valmistatud tooted",total,35-39,124
"..liha, linnuliha (sh rupskid) ja nendest valmistatud tooted",total,40-44,115
"..liha, linnuliha (sh rupskid) ja nendest valmistatud tooted",total,45-49,102
"..liha, linnuliha (sh rupskid) ja nendest valmistatud tooted",total,50-54,106
"..liha, linnuliha (sh rupskid) ja nendest valmistatud tooted",total,55-59,103
"..liha, linnuliha (sh rupskid) ja nendest valmistatud tooted",total,60-64,115
"..liha, linnuliha (sh rupskid) ja nendest valmistatud tooted",total,65-69,106
"..liha, linnuliha (sh rupskid) ja nendest valmistatud tooted",total,70-74,99
"..liha, linnuliha (sh rupskid) ja nendest valmistatud tooted",male,total,133
"..liha, linnuliha (sh rupskid) ja nendest valmistatud tooted",male,2-5,60
"..liha, linnuliha (sh rupskid) ja nendest valmistatud tooted",male,6-9,87
"..liha, linnuliha (sh rupskid) ja nendest valmistatud tooted",male,10-13,110
"..liha, linnuliha (sh rupskid) ja nendest valmistatud tooted",male,14-17,130
"..liha, linnuliha (sh rupskid) ja nendest valmistatud tooted",male,18-24,157
"..liha, linnuliha (sh rupskid) ja nendest valmistatud tooted",male,25-29,164
"..liha, linnuliha (sh rupskid) ja nendest valmistatud tooted",male,30-34,144
"..liha, linnuliha (sh rupskid) ja nendest valmistatud tooted",male,35-39,151
"..liha, linnuliha (sh rupskid) ja nendest valmistatud tooted",male,40-44,148
"..liha, linnuliha (sh rupskid) ja nendest valmistatud tooted",male,45-49,122
"..liha, linnuliha (sh rupskid) ja nendest valmistatud tooted",male,50-54,136
"..liha, linnuliha (sh rupskid) ja nendest valmistatud tooted",male,55-59,116
"..liha, linnuliha (sh rupskid) ja nendest valmistatud tooted",male,60-64,147
"..liha, linnuliha (sh rupskid) ja nendest valmistatud tooted",male,65-69,133
"..liha, linnuliha (sh rupskid) ja nendest valmistatud tooted",male,70-74,128
"..liha, linnuliha (sh rupskid) ja nendest valmistatud tooted",female,total,86
"..liha, linnuliha (sh rupskid) ja nendest valmistatud tooted",female,2-5,52
"..liha, linnuliha (sh rupskid) ja nendest valmistatud tooted",female,6-9,73
"..liha, linnuliha (sh rupskid) ja nendest valmistatud tooted",female,10-13,69
"..liha, linnuliha (sh rupskid) ja nendest valmistatud tooted",female,14-17,83
"..liha, linnuliha (sh rupskid) ja nendest valmistatud tooted",female,18-24,89
"..liha, linnuliha (sh rupskid) ja nendest valmistatud tooted",female,25-29,104
"..liha, linnuliha (sh rupskid) ja nendest valmistatud tooted",female,30-34,105
"..liha, linnuliha (sh rupskid) ja nendest valmistatud tooted",female,35-39,96
"..liha, linnuliha (sh rupskid) ja nendest valmistatud tooted",female,40-44,83
"..liha, linnuliha (sh rupskid) ja nendest valmistatud tooted",female,45-49,84
"..liha, linnuliha (sh rupskid) ja nendest valmistatud tooted",female,50-54,79
"..liha, linnuliha (sh rupskid) ja nendest valmistatud tooted",female,55-59,91
"..liha, linnuliha (sh rupskid) ja nendest valmistatud tooted",female,60-64,91
"..liha, linnuliha (sh rupskid) ja nendest valmistatud tooted",female,65-69,87
"..liha, linnuliha (sh rupskid) ja nendest valmistatud tooted",female,70-74,82
..muna ja munatooted,total,total,21
..muna ja munatooted,total,2-5,11
..muna ja munatooted,total,6-9,16
..muna ja munatooted,total,10-13,16
..muna ja munatooted,total,14-17,14
..muna ja munatooted,total,18-24,27
..muna ja munatooted,total,25-29,25
..muna ja munatooted,total,30-34,22
..muna ja munatooted,total,35-39,24
..muna ja munatooted,total,40-44,21
..muna ja munatooted,total,45-49,20
..muna ja munatooted,total,50-54,24
..muna ja munatooted,total,55-59,27
..muna ja munatooted,total,60-64,17
..muna ja munatooted,total,65-69,16
..muna ja munatooted,total,70-74,20
..muna ja munatooted,male,total,23
..muna ja munatooted,male,2-5,10
..muna ja munatooted,male,6-9,17
..muna ja munatooted,male,10-13,20
..muna ja munatooted,male,14-17,13
..muna ja munatooted,male,18-24,32
..muna ja munatooted,male,25-29,26
..muna ja munatooted,male,30-34,23
..muna ja munatooted,male,35-39,29
..muna ja munatooted,male,40-44,22
..muna ja munatooted,male,45-49,21
..muna ja munatooted,male,50-54,28
..muna ja munatooted,male,55-59,30
..muna ja munatooted,male,60-64,17
..muna ja munatooted,male,65-69,17
..muna ja munatooted,male,70-74,25
..muna ja munatooted,female,total,19
..muna ja munatooted,female,2-5,12
..muna ja munatooted,female,6-9,15
..muna ja munatooted,female,10-13,15
..muna ja munatooted,female,14-17,15
..muna ja munatooted,female,18-24,20
..muna ja munatooted,female,25-29,24
..muna ja munatooted,female,30-34,20
..muna ja munatooted,female,35-39,20
..muna ja munatooted,female,40-44,21
..muna ja munatooted,female,45-49,18
..muna ja munatooted,female,50-54,21
..muna ja munatooted,female,55-59,24
..muna ja munatooted,female,60-64,16
..muna ja munatooted,female,65-69,15
..muna ja munatooted,female,70-74,17
"Lisatavad toidurasvad, pähklid, seemned ja õliviljad",total,total,22
"Lisatavad toidurasvad, pähklid, seemned ja õliviljad",total,2-5,12
"Lisatavad toidurasvad, pähklid, seemned ja õliviljad",total,6-9,15
"Lisatavad toidurasvad, pähklid, seemned ja õliviljad",total,10-13,15
"Lisatavad toidurasvad, pähklid, seemned ja õliviljad",total,14-17,17
"Lisatavad toidurasvad, pähklid, seemned ja õliviljad",total,18-24,23
"Lisatavad toidurasvad, pähklid, seemned ja õliviljad",total,25-29,25
"Lisatavad toidurasvad, pähklid, seemned ja õliviljad",total,30-34,23
"Lisatavad toidurasvad, pähklid, seemned ja õliviljad",total,35-39,26
"Lisatavad toidurasvad, pähklid, seemned ja õliviljad",total,40-44,21
"Lisatavad toidurasvad, pähklid, seemned ja õliviljad",total,45-49,24
"Lisatavad toidurasvad, pähklid, seemned ja õliviljad",total,50-54,26
"Lisatavad toidurasvad, pähklid, seemned ja õliviljad",total,55-59,21
"Lisatavad toidurasvad, pähklid, seemned ja õliviljad",total,60-64,22
"Lisatavad toidurasvad, pähklid, seemned ja õliviljad",total,65-69,22
"Lisatavad toidurasvad, pähklid, seemned ja õliviljad",total,70-74,20
"Lisatavad toidurasvad, pähklid, seemned ja õliviljad",male,total,24
"Lisatavad toidurasvad, pähklid, seemned ja õliviljad",male,2-5,13
"Lisatavad toidurasvad, pähklid, seemned ja õliviljad",male,6-9,14
"Lisatavad toidurasvad, pähklid, seemned ja õliviljad",male,10-13,18
"Lisatavad toidurasvad, pähklid, seemned ja õliviljad",male,14-17,19
"Lisatavad toidurasvad, pähklid, seemned ja õliviljad",male,18-24,28
"Lisatavad toidurasvad, pähklid, seemned ja õliviljad",male,25-29,27
"Lisatavad toidurasvad, pähklid, seemned ja õliviljad",male,30-34,20
"Lisatavad toidurasvad, pähklid, seemned ja õliviljad",male,35-39,28
"Lisatavad toidurasvad, pähklid, seemned ja õliviljad",male,40-44,24
"Lisatavad toidurasvad, pähklid, seemned ja õliviljad",male,45-49,28
"Lisatavad toidurasvad, pähklid, seemned ja õliviljad",male,50-54,29
"Lisatavad toidurasvad, pähklid, seemned ja õliviljad",male,55-59,23
"Lisatavad toidurasvad, pähklid, seemned ja õliviljad",male,60-64,23
"Lisatavad toidurasvad, pähklid, seemned ja õliviljad",male,65-69,24
"Lisatavad toidurasvad, pähklid, seemned ja õliviljad",male,70-74,24
"Lisatavad toidurasvad, pähklid, seemned ja õliviljad",female,total,20
"Lisatavad toidurasvad, pähklid, seemned ja õliviljad",female,2-5,11
"Lisatavad toidurasvad, pähklid, seemned ja õliviljad",female,6-9,15
"Lisatavad toidurasvad, pähklid, seemned ja õliviljad",female,10-13,12
"Lisatavad toidurasvad, pähklid, seemned ja õliviljad",female,14-17,14
"Lisatavad toidurasvad, pähklid, seemned ja õliviljad",female,18-24,18
"Lisatavad toidurasvad, pähklid, seemned ja õliviljad",female,25-29,23
"Lisatavad toidurasvad, pähklid, seemned ja õliviljad",female,30-34,26
"Lisatavad toidurasvad, pähklid, seemned ja õliviljad",female,35-39,24
"Lisatavad toidurasvad, pähklid, seemned ja õliviljad",female,40-44,18
"Lisatavad toidurasvad, pähklid, seemned ja õliviljad",female,45-49,20
"Lisatavad toidurasvad, pähklid, seemned ja õliviljad",female,50-54,22
"Lisatavad toidurasvad, pähklid, seemned ja õliviljad",female,55-59,20
"Lisatavad toidurasvad, pähklid, seemned ja õliviljad",female,60-64,20
"Lisatavad toidurasvad, pähklid, seemned ja õliviljad",female,65-69,20
"Lisatavad toidurasvad, pähklid, seemned ja õliviljad",female,70-74,17
"..seemned, pähklid jm",total,total,3
"..seemned, pähklid jm",total,2-5,1
"..seemned, pähklid jm",total,6-9,1
"..seemned, pähklid jm",total,10-13,2
"..seemned, pähklid jm",total,14-17,2
"..seemned, pähklid jm",total,18-24,5
"..seemned, pähklid jm",total,25-29,4
"..seemned, pähklid jm",total,30-34,4
"..seemned, pähklid jm",total,35-39,6
"..seemned, pähklid jm",total,40-44,3
"..seemned, pähklid jm",total,45-49,5
"..seemned, pähklid jm",total,50-54,5
"..seemned, pähklid jm",total,55-59,3
"..seemned, pähklid jm",total,60-64,2
"..seemned, pähklid jm",total,65-69,1
"..seemned, pähklid jm",total,70-74,3
"..seemned, pähklid jm",male,total,3
"..seemned, pähklid jm",male,2-5,1
"..seemned, pähklid jm",male,6-9,1
"..seemned, pähklid jm",male,10-13,4
"..seemned, pähklid jm",male,14-17,1
"..seemned, pähklid jm",male,18-24,5
"..seemned, pähklid jm",male,25-29,4
"..seemned, pähklid jm",male,30-34,4
"..seemned, pähklid jm",male,35-39,3
"..seemned, pähklid jm",male,40-44,3
"..seemned, pähklid jm",male,45-49,5
"..seemned, pähklid jm",male,50-54,6
"..seemned, pähklid jm",male,55-59,3
"..seemned, pähklid jm",male,60-64,2
"..seemned, pähklid jm",male,65-69,0
"..seemned, pähklid jm",male,70-74,1
"..seemned, pähklid jm",female,total,4
"..seemned, pähklid jm",female,2-5,1
"..seemned, pähklid jm",female,6-9,1
"..seemned, pähklid jm",female,10-13,0
"..seemned, pähklid jm",female,14-17,2
"..seemned, pähklid jm",female,18-24,5
"..seemned, pähklid jm",female,25-29,5
"..seemned, pähklid jm",female,30-34,5
"..seemned, pähklid jm",female,35-39,8
"..seemned, pähklid jm",female,40-44,3
"..seemned, pähklid jm",female,45-49,5
"..seemned, pähklid jm",female,50-54,5
"..seemned, pähklid jm",female,55-59,3
"..seemned, pähklid jm",female,60-64,3
"..seemned, pähklid jm",female,65-69,2
"..seemned, pähklid jm",female,70-74,3
"..õliviljad, õlid, võiderasvad",total,total,18
"..õliviljad, õlid, võiderasvad",total,2-5,11
"..õliviljad, õlid, võiderasvad",total,6-9,14
"..õliviljad, õlid, võiderasvad",total,10-13,13
"..õliviljad, õlid, võiderasvad",total,14-17,15
"..õliviljad, õlid, võiderasvad",total,18-24,18
"..õliviljad, õlid, võiderasvad",total,25-29,21
"..õliviljad, õlid, võiderasvad",total,30-34,19
"..õliviljad, õlid, võiderasvad",total,35-39,21
"..õliviljad, õlid, võiderasvad",total,40-44,18
"..õliviljad, õlid, võiderasvad",total,45-49,19
"..õliviljad, õlid, võiderasvad",total,50-54,20
"..õliviljad, õlid, võiderasvad",total,55-59,19
"..õliviljad, õlid, võiderasvad",total,60-64,19
"..õliviljad, õlid, võiderasvad",total,65-69,20
"..õliviljad, õlid, võiderasvad",total,70-74,17
"..õliviljad, õlid, võiderasvad",male,total,20
"..õliviljad, õlid, võiderasvad",male,2-5,12
"..õliviljad, õlid, võiderasvad",male,6-9,13
"..õliviljad, õlid, võiderasvad",male,10-13,14
"..õliviljad, õlid, võiderasvad",male,14-17,18
"..õliviljad, õlid, võiderasvad",male,18-24,22
"..õliviljad, õlid, võiderasvad",male,25-29,23
"..õliviljad, õlid, võiderasvad",male,30-34,17
"..õliviljad, õlid, võiderasvad",male,35-39,25
"..õliviljad, õlid, võiderasvad",male,40-44,21
"..õliviljad, õlid, võiderasvad",male,45-49,23
"..õliviljad, õlid, võiderasvad",male,50-54,23
"..õliviljad, õlid, võiderasvad",male,55-59,21
"..õliviljad, õlid, võiderasvad",male,60-64,21
"..õliviljad, õlid, võiderasvad",male,65-69,23
"..õliviljad, õlid, võiderasvad",male,70-74,23
"..õliviljad, õlid, võiderasvad",female,total,16
"..õliviljad, õlid, võiderasvad",female,2-5,10
"..õliviljad, õlid, võiderasvad",female,6-9,14
"..õliviljad, õlid, võiderasvad",female,10-13,12
"..õliviljad, õlid, võiderasvad",female,14-17,12
"..õliviljad, õlid, võiderasvad",female,18-24,14
"..õliviljad, õlid, võiderasvad",female,25-29,18
"..õliviljad, õlid, võiderasvad",female,30-34,22
"..õliviljad, õlid, võiderasvad",female,35-39,16
"..õliviljad, õlid, võiderasvad",female,40-44,16
"..õliviljad, õlid, võiderasvad",female,45-49,15
"..õliviljad, õlid, võiderasvad",female,50-54,18
"..õliviljad, õlid, võiderasvad",female,55-59,17
"..õliviljad, õlid, võiderasvad",female,60-64,18
"..õliviljad, õlid, võiderasvad",female,65-69,18
"..õliviljad, õlid, võiderasvad",female,70-74,14
"Suhkur, magusad ja soolased näksid",total,total,167
"Suhkur, magusad ja soolased näksid",total,2-5,175
"Suhkur, magusad ja soolased näksid",total,6-9,224
"Suhkur, magusad ja soolased näksid",total,10-13,273
"Suhkur, magusad ja soolased näksid",total,14-17,286
"Suhkur, magusad ja soolased näksid",total,18-24,226
"Suhkur, magusad ja soolased näksid",total,25-29,202
"Suhkur, magusad ja soolased näksid",total,30-34,185
"Suhkur, magusad ja soolased näksid",total,35-39,187
"Suhkur, magusad ja soolased näksid",total,40-44,146
"Suhkur, magusad ja soolased näksid",total,45-49,128
"Suhkur, magusad ja soolased näksid",total,50-54,129
"Suhkur, magusad ja soolased näksid",total,55-59,112
"Suhkur, magusad ja soolased näksid",total,60-64,90
"Suhkur, magusad ja soolased näksid",total,65-69,101
"Suhkur, magusad ja soolased näksid",total,70-74,95
"Suhkur, magusad ja soolased näksid",male,total,192
"Suhkur, magusad ja soolased näksid",male,2-5,175
"Suhkur, magusad ja soolased näksid",male,6-9,217
"Suhkur, magusad ja soolased näksid",male,10-13,304
"Suhkur, magusad ja soolased näksid",male,14-17,366
"Suhkur, magusad ja soolased näksid",male,18-24,254
"Suhkur, magusad ja soolased näksid",male,25-29,226
"Suhkur, magusad ja soolased näksid",male,30-34,215
"Suhkur, magusad ja soolased näksid",male,35-39,227
"Suhkur, magusad ja soolased näksid",male,40-44,161
"Suhkur, magusad ja soolased näksid",male,45-49,141
"Suhkur, magusad ja soolased näksid",male,50-54,150
"Suhkur, magusad ja soolased näksid",male,55-59,129
"Suhkur, magusad ja soolased näksid",male,60-64,97
"Suhkur, magusad ja soolased näksid",male,65-69,100
"Suhkur, magusad ja soolased näksid",male,70-74,123
"Suhkur, magusad ja soolased näksid",female,total,141
"Suhkur, magusad ja soolased näksid",female,2-5,176
"Suhkur, magusad ja soolased näksid",female,6-9,231
"Suhkur, magusad ja soolased näksid",female,10-13,239
"Suhkur, magusad ja soolased näksid",female,14-17,202
"Suhkur, magusad ja soolased näksid",female,18-24,197
"Suhkur, magusad ja soolased näksid",female,25-29,176
"Suhkur, magusad ja soolased näksid",female,30-34,155
"Suhkur, magusad ja soolased näksid",female,35-39,145
"Suhkur, magusad ja soolased näksid",female,40-44,132
"Suhkur, magusad ja soolased näksid",female,45-49,116
"Suhkur, magusad ja soolased näksid",female,50-54,111
"Suhkur, magusad ja soolased näksid",female,55-59,97
"Suhkur, magusad ja soolased näksid",female,60-64,86
"Suhkur, magusad ja soolased näksid",female,65-69,102
"Suhkur, magusad ja soolased näksid",female,70-74,80
